<lxs>
    <scene root="root" axis_length="5" />

    <views default="defaultCamera" >
        <perspective id="defaultCamera" near="0.1" far="500" angle="60">
            <from x="0" y="10" z="5" />
            <to x="0" y="5" z="0" />
        </perspective>
        <perspective id="topCamera" near="0.1" far="100" angle="60">
            <from x="0" y="30" z="5" />
            <to x="0" y="5" z="0" />
        </perspective>
    </views>

    <globals>  
        <ambient r="0.2" g="0.2" b="0.2" a="1.0" />
        <background r="0.0" g="0.0" b="0.0" a="1.0" />
    </globals>

    <lights>
        <omni id="Top" enabled="1">
            <location x="0.0" y="10.0" z="0.0" w="1.0" />
            <ambient r="0" g="0" b="0" a="1.0" />
            <diffuse r="1.0" g="1.0" b="1.0" a="1.0" />
            <specular r="1.0" g="1.0" b="1.0" a="1.0" />
            <attenuation constant="1" linear="0" quadratic="0" />
        </omni>

        <omni id="Side1" enabled="1">
            <location x="0.0" y="0.0" z="10.0" w="1.0" />
            <ambient r="0" g="0" b="0" a="1.0" />
            <diffuse r="1.0" g="1.0" b="1.0" a="1.0" />
            <specular r="1.0" g="1.0" b="1.0" a="1.0" />
            <attenuation constant="1" linear="0" quadratic="0" />
        </omni>

        <omni id="Side2" enabled="1">
            <location x="10.0" y="0.0" z="0.0" w="1.0" />
            <ambient r="0" g="0" b="0" a="1.0" />
            <diffuse r="1.0" g="1.0" b="1.0" a="1.0" />
            <specular r="1.0" g="1.0" b="1.0" a="1.0" />
            <attenuation constant="1" linear="0" quadratic="0" />
        </omni>

        <omni id="Side3" enabled="1">
            <location x="0.0" y="0.0" z="-10.0" w="1.0" />
            <ambient r="0" g="0" b="0" a="1.0" />
            <diffuse r="1.0" g="1.0" b="1.0" a="1.0" />
            <specular r="1.0" g="1.0" b="1.0" a="1.0" />
            <attenuation constant="1" linear="0" quadratic="0" />
        </omni>

        <omni id="Side4" enabled="1">
            <location x="-10.0" y="0.0" z="0.0" w="1.0" />
            <ambient r="0" g="0" b="0" a="1.0" />
            <diffuse r="1.0" g="1.0" b="1.0" a="1.0" />
            <specular r="1.0" g="1.0" b="1.0" a="1.0" />
            <attenuation constant="1" linear="0" quadratic="0" />
        </omni>
    </lights>

    <textures>
        <texture id="board_tex1" file="scenes/images/game/board1.png" />  
        <texture id="skybox" file="scenes/images/skybox/kitchen.png" /> 
        <texture id="wood" file="scenes/images/wood.jpg" />   

        <texture id="BW" file="scenes/images/game/BlueWhitePiece.png" />
        <texture id="BB" file="scenes/images/game/BlueBlackPiece.png" />  
        <texture id="RW" file="scenes/images/game/RedWhitePiece.png" />  
        <texture id="RB" file="scenes/images/game/RedBlackPiece.png" /> 

        <texture id="WT" file="scenes/images/game/white_tile.jpg" />  
        <texture id="BT" file="scenes/images/game/black_tile.jpg" />    

        <texture id="screen" file="scenes/images/game/counter_screen.png" />   
    </textures>

    <materials> 
        <material id="white" shininess="10">
            <emission r="0.0" g="0.0" b="0.0" a="1.0" />
            <ambient r="0.0" g="0.0" b="0.0" a="1.0" />
            <diffuse r="1.0" g="1.0" b="1.0" a="1.0" />
            <specular r="1.0" g="1.0" b="1.0" a="1.0" />
        </material>
         <material id="black" shininess="10">
            <emission r="0.0" g="0.0" b="0.0" a="1.0" />
            <ambient r="0.0" g="0.0" b="0.0" a="1.0" />
            <diffuse r="0.0" g="0.0" b="0.0" a="1.0" />
            <specular r="0.0" g="0.0" b="0.0" a="1.0" />
        </material>
         <material id="metal" shininess="10">
            <emission r="0.0" g="0.0" b="0.0" a="1.0" />
            <ambient r="0.0" g="0.0" b="0.0" a="1.0" />
            <diffuse r="0.35" g="0.35" b="0.35" a="1.0" />
            <specular r="0.9" g="0.9" b="0.9" a="1.0" />
        </material>
        <material id="blue" shininess="10">
            <emission r="0.0" g="0.0" b="0.0" a="1.0" />
            <ambient r="0.0" g="0.0" b="0.0" a="1.0" />
            <diffuse r="0.0" g="0.0" b="1.0" a="1.0" />
            <specular r="0.0" g="0.0" b="1.0" a="1.0" />
        </material>
        <material id="red" shininess="10">
            <emission r="0.0" g="0.0" b="0.0" a="1.0" />
            <ambient r="0.0" g="0.0" b="0.0" a="1.0" />
            <diffuse r="1.0" g="0.0" b="0.0" a="1.0" />
            <specular r="1.0" g="0.0" b="0.0" a="1.0" />
        </material>
    </materials>

    <transformations>
        <transformation id="translateSuperior">
            <translate x="0" y="0.3" z="0" />
        </transformation>
    </transformations>

    <animations>
    </animations>

    <primitives>
        <primitive id="skybox">
            <skybox size="15" />
        </primitive> 

        <primitive id="auxBoard">
            <rect_prism width="3" length="1" height="0.05" />
        </primitive> 

        <primitive id="tableTop">
            <rect_prism width="3.5" length="6" height="0.2" />
        </primitive>

        <primitive id="tableBase">
            <rect_prism width="2.7" length="4.5" height="0.5" />
        </primitive>

        <primitive id="tableLeg">
            <rect_prism width="0.4" length="0.4" height="2" />
        </primitive> 

         <primitive id="teapotObj">
            <obj model="teapot_n_glass" />
        </primitive> 

        <primitive id="piece_top">
            <sphere radius="1/3" slices="50" stacks="50" />
        </primitive> 

        <primitive id="piece_mid">
            <cylinder2 base="1/3" top="1/3" height="1/6" slices="50" stacks="50" />
        </primitive> 

        <primitive id="piece_bot">
            <sphere radius="1/3" slices="50" stacks="50" />
        </primitive> 

        <primitive id="tile">
            <plane npartsU="30" npartsV="30" />
        </primitive> 

        <primitive id="counter_box">
            <rect_prism width="3" length="0.75" height="1.5" />
        </primitive> 

        <primitive id="counter_screen">
           <plane npartsU="30" npartsV="30" />
        </primitive> 

         <primitive id="clock_needle">
            <rect_prism width="0.05" length="0.05" height="0.5" />
        </primitive> 

    </primitives >
 
    <components>   

        <component id="root">
            <transformation>
            </transformation>
            <materials>
                <material id="white" />
            </materials>
            <texture id="none" />
            <pickable flag="false" />
            <visible flag="true" />
            <children>
                <componentref id="ambient" />
            </children>
        </component>

        <component id="ambient">
            <transformation>
            </transformation>
            <materials>
                <material id="inherit"/>
            </materials>
            <texture id="none" />
            <pickable flag="inherit" />
            <visible flag="inherit" />
            <children>
                <componentref id="skybox" />
                <componentref id="ambient_obj"/>
            </children>
        </component>

        <component id="skybox">
            <transformation>
                <translate x="0" y="15" z="0"/>
            </transformation>
            <materials>
                <material id="inherit"/>
            </materials>
            <texture id="skybox" length_s="1" length_t="1" />
             <pickable flag="inherit" />
             <visible flag="inherit" />
            <children>
                <primitiveref id="skybox" />
            </children>
        </component>

        <component id="ambient_obj">
            <transformation>
                <scale x="2" y="2" z="2"/>
            </transformation>
            <materials>
                <material id="inherit"/>
            </materials>
            <texture id="wood" length_s="1" length_t="1" />
            <pickable flag="inherit" />
             <visible flag="inherit" />
            <children>
                <componentref id="table" />
                <componentref id="chair1" />
                <componentref id="chair2" />
                <componentref id="teapot" />
            </children>
        </component>

        <component id="teapot" >
            <transformation>
                <translate x=" 1.7" y="2.58" z="1" />
                <scale x=" 0.15" y="0.15" z="0.15" />
            </transformation>
            <materials>
                <material id="white"/>
            </materials>
            <texture id="inherit" />
            <pickable flag="inherit" />
            <visible flag="inherit" />
            <children>
                <primitiveref id="teapotObj" />
            </children>
        </component>

        <component id="chair1" >
            <transformation>
                <translate x="0" y="0" z="-2"/>
            </transformation>
            <materials>
                <material id="white"/>
            </materials>
            <texture id="inherit" />
            <pickable flag="inherit" />
            <visible flag="inherit" />
            <children>
                <componentref id="chairLegs" />
                <componentref id="chairSit" />
                <componentref id="chairBack" />
            </children>
        </component>

         <component id="chair2" >
            <transformation>
                <translate x="0" y="0" z="2"/>
                <rotate axis="y" angle="180" />
            </transformation>
            <materials>
                <material id="white"/>
            </materials>
            <texture id="inherit" />
            <pickable flag="inherit" />
            <visible flag="inherit" />
            <children>
                <componentref id="chairLegs" />
                <componentref id="chairSit" />
                <componentref id="chairBack" />
            </children>
        </component>

        <component id="chairBack" >
            <transformation>
                <translate x="0" y="1" z="0"/>
                <scale x="1" y="1.2" z="1"/>
            </transformation>
            <materials>
                <material id="white"/>
            </materials>
            <texture id="inherit" />
            <pickable flag="inherit" />
            <visible flag="inherit" />
            <children>
                <componentref id="chairBack1"/>
                <componentref id="chairBack2"/>
                <componentref id="chairBack3"/>
                <componentref id="chairBack4"/>
            </children>
        </component>

        <component id="chairBack1" >
            <transformation>
                <translate x="1/8" y="1.6" z="-1/8"/>
            </transformation>
            <materials>
                <material id="white"/>
            </materials>
            <texture id="inherit" />
            <pickable flag="inherit" />
            <visible flag="inherit" />
            <children>
                 <primitiveref id="tableLeg" />
            </children>
        </component>

           <component id="chairBack2" >
            <transformation>
                <translate x="-1/8" y="1.6" z="-1/8"/>
            </transformation>
            <materials>
                <material id="white"/>
            </materials>
            <texture id="inherit" />
            <pickable flag="inherit" />
            <visible flag="inherit" />
            <children>
                 <primitiveref id="tableLeg" />
            </children>
        </component>

           <component id="chairBack3" >
            <transformation>
                <translate x="0" y="1.6" z="-1/8"/>
                <scale x="0.9" y="0.9" z="0.9" />
                <rotate axis="z" angle="90" />
            </transformation>
            <materials>
                <material id="white"/>
            </materials>
            <texture id="inherit" />
            <pickable flag="inherit" />
            <visible flag="inherit" />
            <children>
                 <primitiveref id="tableLeg" />
            </children>
        </component>

           <component id="chairBack4" >
            <transformation>
                <translate x="0" y="2.4" z="-1/8"/>
                <scale x="0.9" y="0.9" z="0.9" />
                <rotate axis="z" angle="90" />
            </transformation>
            <materials>
                <material id="white"/>
            </materials>
            <texture id="inherit" />
            <pickable flag="inherit" />
            <visible flag="inherit" />
            <children>
                 <primitiveref id="tableLeg" />
            </children>
        </component>

        <component id="chairSit" >
            <transformation>
                <translate x="0" y="1.6" z="0"/>
                <scale x="0.6" y="0.5" z="0.9"/>
            </transformation>
            <materials>
                <material id="white"/>
            </materials>
            <texture id="inherit" />
            <pickable flag="inherit" />
            <visible flag="inherit" />
            <children>
                <primitiveref id="tableBase"/>
            </children>
        </component>

        <component id="chairLegs" >
            <transformation>
             <translate x="0" y="0.8" z="0"/>
             <scale x="1" y="0.8" z="1"/>
            </transformation>
            <materials>
                <material id="white"/>
            </materials>
            <texture id="inherit" />
            <pickable flag="inherit" />
            <visible flag="inherit" />
            <children>
                <componentref id="chairLeg1" />
                <componentref id="chairLeg2" />
                <componentref id="chairLeg3" />
                <componentref id="chairLeg4" />
            </children>
        </component>

        <component id="chairLeg1" >
            <transformation>
                <translate x="1/8" y="0" z="1/8"/>
            </transformation>
            <materials>
                <material id="white"/>
            </materials>
            <texture id="inherit" />
            <pickable flag="inherit" />
            <visible flag="inherit" />
            <children>
                 <primitiveref id="tableLeg" />
            </children>
        </component>

           <component id="chairLeg2" >
            <transformation>
                <translate x="1/8" y="0" z="-1/8"/>
            </transformation>
            <materials>
                <material id="white"/>
            </materials>
            <texture id="inherit" />
            <pickable flag="inherit" />
            <visible flag="inherit" />
            <children>
                 <primitiveref id="tableLeg" />
            </children>
        </component>

           <component id="chairLeg3" >
            <transformation>
              <translate x="-1/8" y="0" z="1/8"/>
            </transformation>
            <materials>
                <material id="white"/>
            </materials>
            <texture id="inherit" />
            <pickable flag="inherit" />
            <visible flag="inherit" />
            <children>
                 <primitiveref id="tableLeg" />
            </children>
        </component>

           <component id="chairLeg4" >
            <transformation>
                <translate x="-1/8" y="0" z="-1/8"/>
            </transformation>
            <materials>
                <material id="white"/>
            </materials>
            <texture id="inherit" />
            <pickable flag="inherit" />
            <visible flag="inherit" />
            <children>
                 <primitiveref id="tableLeg" />
            </children>
        </component>
        
         <component id="table">
            <transformation>
            </transformation>
            <materials>
                <material id="inherit"/>
            </materials>
            <texture id="inherit" />
            <pickable flag="inherit" />
             <visible flag="inherit" />
            <children>
                <componentref id="legs" />
                <componentref id="base" />
                <componentref id="top" />
            </children>
        </component>

        <component id="legs">
            <transformation>
            </transformation>
            <materials>
                <material id="inherit"/>
            </materials>
            <texture id="inherit" />
            <pickable flag="inherit" />
             <visible flag="inherit" />
            <children>
                <componentref id="leg1" />
                <componentref id="leg2" />
                <componentref id="leg3" />
                <componentref id="leg4" />
            </children>
        </component>

        <component id="leg1">
            <transformation>
                <translate x="-2.05" y="1" z="1.15" />
            </transformation>
            <materials>
                <material id="inherit"/>
            </materials>
            <texture id="inherit" />
            <pickable flag="inherit" />
             <visible flag="inherit" />
            <children>
                <primitiveref id="tableLeg" />
            </children>
        </component>

        <component id="leg2">
            <transformation>
                <translate x="-2.05" y="1" z="-1.15" />
            </transformation>
            <materials>
                <material id="inherit"/>
            </materials>
            <texture id="inherit" />
            <pickable flag="inherit" />
             <visible flag="inherit" />
            <children>
                <primitiveref id="tableLeg" />
            </children>
        </component>

        <component id="leg3">
            <transformation>
                <translate x="2.05" y="1" z="-1.15" />
            </transformation>
            <materials>
                <material id="inherit"/>
            </materials>
            <texture id="inherit" />
            <pickable flag="inherit" />
             <visible flag="inherit" />
            <children>
                <primitiveref id="tableLeg" />
            </children>
        </component>

        <component id="leg4">
            <transformation>
                <translate x="2.05" y="1" z="1.15" />
            </transformation>
            <materials>
                <material id="inherit"/>
            </materials>
            <texture id="inherit" />
            <pickable flag="inherit" />
             <visible flag="inherit" />
            <children>
                <primitiveref id="tableLeg" />
            </children>
        </component>

        <component id="base">
            <transformation>
                <translate x="0" y="2.25" z="0" />
            </transformation>
            <materials>
                <material id="inherit"/>
            </materials>
            <texture id="inherit" />
            <pickable flag="inherit" />
             <visible flag="inherit" />
            <children>
                <primitiveref id="tableBase" />
            </children>
        </component>

        <component id="top">
            <transformation>
                <translate x="0" y="2.5" z="0" />
            </transformation>
            <materials>
                <material id="inherit"/>
            </materials>
            <texture id="inherit" />
            <pickable flag="inherit" />
             <visible flag="inherit" />
            <children>
                <primitiveref id="tableTop" />
            </children>
        </component>

        <!-- TEMPLATES -->
        <component id="piece_blue_white" template="true">
            <transformation>
                <translate x="0" y="5.6" z="0"/>
                <scale x="0.4" y="0.4" z="0.4" />
            </transformation>
            <materials>
                <material id="white" />
            </materials>
            <texture id="BW" length_s="1" length_t="1"/>
            <children>
                <componentref id="piece_top" />
                <componentref id="piece_mid" />
                <componentref id="piece_bot" />
            </children>
        </component>

        <component id="piece_blue_black" template="true">
            <transformation>
                <translate x="0" y="5.6" z="0"/>
                <scale x="0.4" y="0.4" z="0.4" />
            </transformation>
            <materials>
                <material id="white" />
            </materials>
            <texture id="BB" length_s="1" length_t="1"/>
            <children>
               <componentref id="piece_top" />
                <componentref id="piece_mid" />
                <componentref id="piece_bot" />
            </children>
        </component>

        <component id="piece_red_white" template="true">
            <transformation>
                <translate x="0" y="5.6" z="0"/>
                <scale x="0.4" y="0.4" z="0.4" />
            </transformation>
            <materials>
                <material id="white" />
            </materials>
            <texture id="RW" length_s="1" length_t="1"/>
            <children>
               <componentref id="piece_top" />
                <componentref id="piece_mid" />
                <componentref id="piece_bot" />
            </children>
        </component>

        <component id="piece_red_black" template="true">
            <transformation>
                <translate x="0" y="5.6" z="0"/>
                <scale x="0.4" y="0.4" z="0.4" />
            </transformation>
            <materials>
                <material id="white" />
            </materials>
            <texture id="RB" length_s="1" length_t="1"/>
            <children>
                <componentref id="piece_top" />
                <componentref id="piece_mid" />
                <componentref id="piece_bot" />
            </children>
        </component>

        <component id="piece_top" template="false">
            <transformation>
                <scale x="0.99" y="0.4" z="0.99" />
             <rotate axis="z" angle="90"/>
            </transformation>
            <materials>
                <material id="inherit" />
            </materials>
            <texture id="inherit" />
            <children>
                <primitiveref id="piece_top" />
            </children>
        </component>

        <component id="piece_mid" template="false">
            <transformation>
                <scale x="1" y="0.5" z="1" />
                <rotate axis="x" angle="90"/>
            </transformation>
            <materials>
                <material id="metal" />
            </materials>
            <texture id="none" />
            <children>
                <primitiveref id="piece_mid" />
            </children>
        </component>

        <component id="piece_bot" template="false">
            <transformation>
                <translate x="0" y="-0.5" z="0"/>
                <scale x="0.99" y="0.4" z="0.99" />
                <rotate axis="z" angle="90"/>
            </transformation>
            <materials>
                <material id="inherit" />
            </materials>
            <texture id="inherit" />
            <children>
                <primitiveref id="piece_bot" />
            </children>
        </component>

        <component id="tile_black" template="true">
            <transformation>
                <translate x="0" y="5.25" z="0"/>
            </transformation>
            <materials>
                <material id="black" />
            </materials>
            <texture id="BT" length_s="1" length_t="1" />
            <children>
                <primitiveref id="tile" />
            </children>
        </component>
        
         <component id="tile_white" template="true">
            <transformation>
                <translate x="0" y="5.25" z="0"/>
            </transformation>
            <materials>
                <material id="white" />
            </materials>
            <texture id="WT" length_s="1" length_t="1" />
            <children>
                <primitiveref id="tile" />
            </children>
        </component>

        <component id="red_counter" template="true">
            <transformation>
                <translate x="-5" y="6" z="0"/>
            </transformation>
            <materials>
                <material id="red" />
            </materials>
            <texture id="WT" length_s="1" length_t="1" />
            <children>
                <componentref id="counter_box" />
                <componentref id="counter_visor_red" />
            </children>
        </component>

         <component id="blue_counter" template="true">
            <transformation>
                <translate x="5" y="6" z="0"/>
            </transformation>
            <materials>
                <material id="blue" />
            </materials>
            <texture id="WT" length_s="1" length_t="1" />
            <children>
                <componentref id="counter_box" />
                <componentref id="counter_visor_blue" />
            </children>
        </component>

         <component id="counter_box" template="false">
            <transformation>
            </transformation>
            <materials>
                <material id="inherit" />
            </materials>
            <texture id="inherit" />
            <children>
                <primitiveref id="counter_box" />
            </children>
        </component>

        <component id="counter_visor_blue" template="false">
            <transformation>
                <translate x="-0.4" y="0" z="0"/>
                <scale x="1" y="1.4" z="2.9" />
                <rotate axis="x" angle="90"/>
                <rotate axis="z" angle="90"/>
            </transformation>
            <materials>
                <material id="white" />
            </materials>
            <texture id="screen" length_s="1" length_t="1"/>
            <children>
                <primitiveref id="counter_screen" />
            </children>
        </component>

        <component id="counter_visor_red" template="false">
            <transformation>
                <translate x="0.4" y="0" z="0"/>
                <scale x="1" y="1.4" z="2.9" />
                <rotate axis="x" angle="90"/>
                <rotate axis="z" angle="-90"/>
            </transformation>
            <materials>
                <material id="white" />
            </materials>
            <texture id="screen" length_s="1" length_t="1"/>
            <children>
                <primitiveref id="counter_screen" />
            </children>
        </component>

    </components>
   
</lxs>