<lxs>
    <scene root="root" axis_length="5" />

    <views default="defaultcamera" >
        <perspective id="defaultCamera" near="0.1" far="500" angle="60">
            <from x="0" y="10" z="5" />
            <to x="0" y="5" z="0" />
        </perspective>
         <perspective id="Side 1" near="0.1" far="400" angle="60">
            <from x="5" y="10" z="5" />
            <to x="0" y="5" z="0" />
        </perspective>

         <perspective id="Side 2" near="0.1" far="400" angle="60">
            <from x="-5" y="10" z="5" />
            <to x="0" y="5" z="0" />
        </perspective>
    </views>

    <globals>  
        <ambient r="1.0" g="1.0" b="1.0" a="1.0" />
        <background r="0.0" g="0.0" b="0.0" a="1.0" />
    </globals>

    <lights>
        <omni id="Top" enabled="1">
            <location x="0.0" y="30.0" z="0.0" w="1.0" />
            <ambient r="0" g="0" b="0" a="1.0" />
            <diffuse r="1.0" g="1.0" b="1.0" a="1.0" />
            <specular r="1.0" g="1.0" b="1.0" a="1.0" />
            <attenuation constant="1" linear="0" quadratic="0" />
        </omni> 
         <omni id="blue" enabled="1">
            <location x="0.0" y="200.0" z="0.0" w="1.0" />
            <ambient r="0" g="0" b="0" a="1.0" />
            <diffuse r="0.1" g="0.1" b="0.8" a="1.0" />
            <specular r="0.4" g="0.4" b="0.8" a="1.0" />
            <attenuation constant="1" linear="0" quadratic="0" />
        </omni> 

        <omni id="Side1" enabled="1">
            <location x="0.0" y="0.0" z="10.0" w="1.0" />
            <ambient r="0" g="0" b="0" a="1.0" />
            <diffuse r="1.0" g="1.0" b="1.0" a="1.0" />
            <specular r="1.0" g="1.0" b="1.0" a="1.0" />
            <attenuation constant="1" linear="0" quadratic="0" />
        </omni>
        
        <omni id="Side3" enabled="1">
            <location x="0.0" y="0.0" z="-10.0" w="1.0" />
            <ambient r="0" g="0" b="0" a="1.0" />
            <diffuse r="1.0" g="1.0" b="1.0" a="1.0" />
            <specular r="1.0" g="1.0" b="1.0" a="1.0" />
            <attenuation constant="1" linear="0" quadratic="0" />
        </omni>   
    </lights>

    <textures>
        <texture id="board_tex1" file="scenes/images/game/board1.png" />  
        <texture id="skybox" file="scenes/images/skybox/snow.png" /> 
        <texture id="wood" file="scenes/images/wood.jpg" />   

        <texture id="BW" file="scenes/images/game/treeBW.png" />
        <texture id="BB" file="scenes/images/game/treeBB.png" />  
        <texture id="RW" file="scenes/images/game/treeRW.png" />  
        <texture id="RB" file="scenes/images/game/treeRB.png" /> 

        <texture id="RCount" file="scenes/images/game/brownLeaf.png" />  
        <texture id="BCount" file="scenes/images/game/greenLeaf.png" /> 
       
        <texture id="trunk" file="scenes/images/game/trunk.png" />

        <texture id="WT" file="scenes/images/game/snow_tile.jpg" />  
        <texture id="BT" file="scenes/images/game/ice_tile.jpg" />  

        <texture id="screen" file="scenes/images/game/counter_screen.png" />       
    </textures>

    <materials> 
        <material id="skyboxmat" shininess="10">
            <emission r="0.0" g="0.0" b="0.0" a="1.0" />
            <ambient r="1.0" g="1.0" b="1.0" a="1.0" />
            <diffuse r="1.0" g="1.0" b="1.0" a="1.0" />
            <specular r="1.0" g="1.0" b="1.90" a="1.0" />
        </material>
        <material id="white" shininess="10">
            <emission r="0.0" g="0.0" b="0.0" a="1.0" />
            <ambient r="0.0" g="0.0" b="0.0" a="1.0" />
            <diffuse r="0.3" g="0.3" b="0.5" a="1.0" />
            <specular r="0.2" g="0.2" b="0.2" a="1.0" />
        </material>
         <material id="black" shininess="10">
            <emission r="0.0" g="0.0" b="0.0" a="1.0" />
            <ambient r="0.0" g="0.0" b="0.0" a="1.0" />
            <diffuse r="0.0" g="0.0" b="0.0" a="1.0" />
            <specular r="0.0" g="0.0" b="0.0" a="1.0" />
        </material>
         <material id="metal" shininess="10">
            <emission r="0.0" g="0.0" b="0.0" a="1.0" />
            <ambient r="0.0" g="0.0" b="0.0" a="1.0" />
            <diffuse r="0.35" g="0.35" b="0.35" a="1.0" />
            <specular r="0.9" g="0.9" b="0.9" a="1.0" />
        </material>
        <material id="blue" shininess="10">
            <emission r="0.0" g="0.0" b="0.0" a="1.0" />
            <ambient r="0.0" g="0.0" b="0.0" a="1.0" />
            <diffuse r="0.0" g="0.0" b="1.0" a="1.0" />
            <specular r="0.0" g="0.0" b="1.0" a="1.0" />
        </material>
        <material id="red" shininess="10">
            <emission r="0.0" g="0.0" b="0.0" a="1.0" />
            <ambient r="0.0" g="0.0" b="0.0" a="1.0" />
            <diffuse r="1.0" g="0.0" b="0.0" a="1.0" />
            <specular r="1.0" g="0.0" b="0.0" a="1.0" />
        </material>
         <material id="tile" shininess="10">
            <emission r="0.0" g="0.0" b="0.0" a="1.0" />
            <ambient r="0.0" g="0.0" b="0.0" a="1.0" />
            <diffuse r="0.1" g="0.1" b="0.1" a="1.0" />
            <specular r="0.4" g="0.4" b="0.4" a="1.0" />
        </material>
        <material id="orange" shininess="10">
            <emission r="0.0" g="0.0" b="0.0" a="1.0" />
            <ambient r="0.0" g="0.0" b="0.0" a="1.0" />
            <diffuse r="0.4" g="0.1" b="0.0" a="1.0" />
            <specular r="0.3" g="0.3" b="0.3" a="1.0" />
        </material>
    </materials>

    <transformations>
        <transformation id="translateSuperior">
            <translate x="0" y="0.3" z="0" />
        </transformation>
    </transformations>

    <animations>
    </animations>

    <primitives>
        <primitive id="skybox">
            <skybox size="200" />
        </primitive> 

        <primitive id="piece_top">
            <cylinder2 base="1.2" top="0" height="3" slices="50" stacks="50" />
        </primitive> 

        <primitive id="piece_bot">
           <cylinder2 base="1" top="1" height="1/3" slices="50" stacks="50" />
        </primitive> 

        <primitive id="tile">
            <plane npartsU="30" npartsV="30" />
        </primitive> 

         <primitive id="plane">
            <plane npartsU="100" npartsV="100" />
        </primitive> 

        <primitive id="counter_box">
            <rect_prism width="3" length="0.75" height="1.5" />
        </primitive> 

        <primitive id="counter_screen">
           <plane npartsU="30" npartsV="30" />
        </primitive> 

         <primitive id="clock_needle">
            <rect_prism width="0.05" length="0.05" height="0.5" />
        </primitive> 

         <primitive id="ball">
            <sphere radius="1/2" slices="50" stacks="50" />
        </primitive> 

         <primitive id="cone">
            <cylinder2 base="1/2" top="0" height="1" slices="50" stacks="50" />
        </primitive> 

        <primitive id="hat">
            <obj model="hat" />
        </primitive> 


    </primitives >
 
    <components>   

      <component id="root">
            <transformation>
            </transformation>
            <materials>
                <material id="white" />
            </materials>
            <texture id="none" />
            <pickable flag="false" />
            <visible flag="true" />
            <children>
                <componentref id="ambient" />
            </children>
        </component>

        <component id="ambient">
            <transformation>
            </transformation>
            <materials>
                <material id="inherit"/>
            </materials>
            <texture id="none" />
            <pickable flag="inherit" />
            <!--<visible flag="inherit" />-->
            <visible flag="true" />
            <children>
                <componentref id="skybox" />
                <componentref id="floor" />
                <componentref id="snowman1" />
                <componentref id="snowman2" />
                 <componentref id="snowman3" />
                <componentref id="snowman4" />
                <componentref id="snowman5" />
                <componentref id="snowman6" />
            </children>
        </component>

    
         <component id="snowman1">
            <transformation>
                <translate x="3.3" y="5.5" z="-3.3"/>
                <rotate axis="y" angle="-45" /> 
            </transformation>
            <materials>
                <material id="white"/>
            </materials>
            <texture id="WT" length_s="1" length_t="1" />
             <pickable flag="inherit" />
             <!--<visible flag="inherit" />-->
            <visible flag="true" />
            <children>
                <componentref id="ball1" />
                 <componentref id="ball2" />
                  <componentref id="ball3" />
                   <componentref id="eye1" />
                    <componentref id="eye2" />
                      <componentref id="carrot"/>
                       <componentref id="hat" />
            </children>
        </component>


         <component id="snowman2">
            <transformation>
                <translate x="-3.3" y="5.5" z="-3.3"/>
                <rotate axis="y" angle="45" /> 
            </transformation>
            <materials>
                <material id="white"/>
            </materials>
            <texture id="WT" length_s="1" length_t="1" />
             <pickable flag="inherit" />
             <!--<visible flag="inherit" />-->
            <visible flag="true" />
            <children>
                <componentref id="ball1" />
                 <componentref id="ball2" />
                  <componentref id="ball3" />
                   <componentref id="eye1" />
                    <componentref id="eye2" />
                      <componentref id="carrot"/>
                      <componentref id="hat" />
            </children>
        </component>

         <component id="snowman3">
            <transformation>
                <translate x="-3.3" y="5.5" z="3.3"/>
                <rotate axis="y" angle="135" /> 
            </transformation>
            <materials>
                <material id="white"/>
            </materials>
            <texture id="WT" length_s="1" length_t="1" />
             <pickable flag="inherit" />
             <!--<visible flag="inherit" />-->
            <visible flag="true" />
            <children>
                <componentref id="ball1" />
                 <componentref id="ball2" />
                  <componentref id="ball3" />
                   <componentref id="eye1" />
                    <componentref id="eye2" />
                      <componentref id="carrot"/>
                       <componentref id="hat" />
            </children>
        </component>

         <component id="snowman4">
            <transformation>
                <translate x="3.3" y="5.5" z="3.3"/>
                <rotate axis="y" angle="-135" /> 
            </transformation>
            <materials>
                <material id="white"/>
            </materials>
            <texture id="WT" length_s="1" length_t="1" />
             <pickable flag="inherit" />
             <!--<visible flag="inherit" />-->
            <visible flag="true" />
            <children>
                <componentref id="ball1" />
                 <componentref id="ball2" />
                  <componentref id="ball3" />
                   <componentref id="eye1" />
                    <componentref id="eye2" />
                      <componentref id="carrot"/>
                       <componentref id="hat" />
            </children>
        </component>

        <component id="snowman5">
            <transformation>
                <translate x="0" y="5.5" z="-4.3"/>
            </transformation>
            <materials>
                <material id="white"/>
            </materials>
            <texture id="WT" length_s="1" length_t="1" />
             <pickable flag="inherit" />
             <!--<visible flag="inherit" />-->
            <visible flag="true" />
            <children>
                <componentref id="ball1" />
                 <componentref id="ball2" />
                  <componentref id="ball3" />
                   <componentref id="eye1" />
                    <componentref id="eye2" />
                      <componentref id="carrot"/>
                       <componentref id="hat" />
            </children>
        </component>

         <component id="snowman6">
            <transformation>
                <translate x="0" y="5.5" z="4.3"/>
                <rotate axis="y" angle="180" /> 
            </transformation>
            <materials>
                <material id="white"/>
            </materials>
            <texture id="WT" length_s="1" length_t="1" />
             <pickable flag="inherit" />
             <!--<visible flag="inherit" />-->
            <visible flag="true" />
            <children>
                <componentref id="ball1" />
                 <componentref id="ball2" />
                  <componentref id="ball3" />
                   <componentref id="eye1" />
                    <componentref id="eye2" />
                      <componentref id="carrot"/>
                       <componentref id="hat" />
            </children>
        </component>

         <component id="hat">
            <transformation>
                <translate x="0" y="1.75" z="0"/>
                <scale x="0.04" y="0.04" z="0.04"/>
                <rotate axis="x" angle="-100" />
            </transformation>
            <materials>
                <material id="black"/>
            </materials>
            <texture id="WT" length_s="1" length_t="1" />
             <pickable flag="inherit" />
             <!--<visible flag="inherit" />-->
            <visible flag="true" />
            <children>
                <primitiveref id="hat" />
            </children>
        </component>

        <component id="carrot">
            <transformation>
                <translate x="0" y="1.5" z="0.2"/>
                <scale x="0.1" y="0.1" z="0.7"/>
            </transformation>
            <materials>
                <material id="orange"/>
            </materials>
            <texture id="WT" length_s="1" length_t="1" />
             <pickable flag="inherit" />
             <!--<visible flag="inherit" />-->
            <visible flag="true" />
            <children>
                <primitiveref id="cone" />
            </children>
        </component>

         <component id="eye1">
            <transformation>
                  <translate x="0.3" y="1.6" z="0.3"/>
                <scale x="0.1" y="0.1" z="0.1"/>
            </transformation>
            <materials>
                <material id="black"/>
            </materials>
            <texture id="WT" length_s="1" length_t="1" />
             <pickable flag="inherit" />
             <!--<visible flag="inherit" />-->
            <visible flag="true" />
            <children>
                <primitiveref id="ball" />
            </children>
        </component>

        <component id="eye2">
            <transformation>
                  <translate x="-0.3" y="1.6" z="0.3"/>
                <scale x="0.1" y="0.1" z="0.1"/>
            </transformation>
            <materials>
                <material id="black"/>
            </materials>
            <texture id="WT" length_s="1" length_t="1" />
             <pickable flag="inherit" />
             <!--<visible flag="inherit" />-->
            <visible flag="true" />
            <children>
                <primitiveref id="ball" />
            </children>
        </component>


         <component id="ball1">
            <transformation>
                <scale x="0.9" y="0.9" z="0.9"/>
            </transformation>
            <materials>
                <material id="white"/>
            </materials>
            <texture id="WT" length_s="1" length_t="1" />
             <pickable flag="inherit" />
             <!--<visible flag="inherit" />-->
            <visible flag="true" />
            <children>
                <primitiveref id="ball" />
            </children>
        </component>

        <component id="ball2">
            <transformation>
                  <translate x="0" y="0.7" z="0"/>
                <scale x="0.7" y="0.7" z="0.7"/>
            </transformation>
            <materials>
                <material id="white"/>
            </materials>
            <texture id="WT" length_s="1" length_t="1" />
             <pickable flag="inherit" />
             <!--<visible flag="inherit" />-->
            <visible flag="true" />
            <children>
                <primitiveref id="ball" />
            </children>
        </component>

        <component id="ball3">
            <transformation>
                  <translate x="0" y="1.4" z="0"/>
                <scale x="0.5" y="0.5" z="0.5"/>
            </transformation>
            <materials>
                <material id="white"/>
            </materials>
            <texture id="WT" length_s="1" length_t="1" />
             <pickable flag="inherit" />
             <!--<visible flag="inherit" />-->
            <visible flag="true" />
            <children>
                <primitiveref id="ball" />
            </children>
        </component>



         <component id="floor">
            <transformation>
                <translate x="0" y="5" z="0"/>
                <scale x="50" y="1" z="50" />
            </transformation>
            <materials>
                <material id="tile"/>
            </materials>
            <texture id="WT" length_s="1" length_t="1" />
             <pickable flag="inherit" />
             <!--<visible flag="inherit" />-->
            <visible flag="true" />
            <children>
                <primitiveref id="plane" />
            </children>
        </component>

        <component id="skybox">
            <transformation>
                <translate x="0" y="100" z="0"/>
            </transformation>
            <materials>
                <material id="skyboxmat"/>
            </materials>
            <texture id="skybox" length_s="1" length_t="1" />
             <pickable flag="inherit" />
             <!--<visible flag="inherit" />-->
            <visible flag="true" />
            <children>
                <primitiveref id="skybox" />
            </children>
        </component>
       

        <!-- TEMPLATES -->
       
     <component id="piece_blue_white">
            <transformation>
                <translate x="0" y="5.6" z="0"/>
                <scale x="0.4" y="0.4" z="0.4" />
            </transformation>
            <materials>
                <material id="white" />
            </materials>
            <texture id="BW" length_s="1" length_t="1"/>
            <pickable flag="false" />
            <visible flag="true" />
            <children>
                <componentref id="piece_top" />
                <componentref id="piece_bot" />
            </children>
        </component>

        <component id="piece_blue_black">
            <transformation>
                <translate x="0" y="5.6" z="0"/>
                <scale x="0.4" y="0.4" z="0.4" />
            </transformation>
            <materials>
                <material id="white" />
            </materials>
            <texture id="BB" length_s="1" length_t="1"/>
            <pickable flag="false" />
            <visible flag="true" />
            <children>
               <componentref id="piece_top" />
                <componentref id="piece_bot" />
            </children>
        </component>

        <component id="piece_red_white">
            <transformation>
                <translate x="0" y="5.6" z="0"/>
                <scale x="0.4" y="0.4" z="0.4" />
            </transformation>
            <materials>
                <material id="white" />
            </materials>
            <texture id="RW" length_s="1" length_t="1"/>
            <pickable flag="false" />
            <visible flag="true" />
            <children>
               <componentref id="piece_top" />
                <componentref id="piece_bot" />
            </children>
        </component>

        <component id="piece_red_black">
            <transformation>
                <translate x="0" y="5.6" z="0"/>
                <scale x="0.4" y="0.4" z="0.4" />
            </transformation>
            <materials>
                <material id="white" />
            </materials>
            <texture id="RB" length_s="1" length_t="1"/>
            <pickable flag="false" />
            <visible flag="true" />
            <children>
                <componentref id="piece_top" />
                <componentref id="piece_bot" />
            </children>
        </component>

        <component id="piece_top" >
            <transformation>
              
                <rotate axis="x" angle="-90"/>
            </transformation>
            <materials>
                <material id="inherit" />
            </materials>
            <texture id="inherit" />
            <pickable flag="inherit" />
             <!--<visible flag="inherit" />-->
            <visible flag="true" />
            <children>
                <primitiveref id="piece_top" />
            </children>
        </component>

        <component id="piece_bot">
            <transformation>
                <translate x="0" y="-1" z="0"/>
                <scale x="0.3" y="1" z="0.3" />
                <rotate axis="x" angle="-90"/>
            </transformation>
            <materials>
                <material id="inherit" />
            </materials>
            <texture id="trunk" length_s = "1" length_t = "1" />
            <pickable flag="inherit" />
             <!--<visible flag="inherit" />-->
            <visible flag="true" />
            <children>
                <primitiveref id="piece_bot" />
            </children>
        </component>
     
        <component id="tile_black">
            <transformation>
                <translate x="0" y="5.25" z="0"/>
            </transformation>
            <materials>
                <material id="tile" />
            </materials>
            <texture id="BT" length_s="1" length_t="1"/>
            <pickable flag="false" />
            <visible flag="true" />
            <children>
                <primitiveref id="tile" />
            </children>
        </component>
        

         <component id="tile_white">
            <transformation>
                <translate x="0" y="5.25" z="0"/>
            </transformation>
            <materials>
                <material id="tile" />
            </materials>
            <texture id="WT" length_s="1" length_t="1"/>
            <pickable flag="false" />
            <visible flag="true" />
            <children>
                <primitiveref id="tile" />
            </children>
        </component>
        
        <component id="red_counter" template="true">
            <transformation>
                <translate x="-5" y="6" z="0"/>
            </transformation>
            <materials>
                <material id="white" />
            </materials>
            <texture id="RCount" length_s="1" length_t="1" />
            <children>
                <componentref id="counter_box" />
                <componentref id="counter_visor_red" />
            </children>
        </component>

         <component id="blue_counter" template="true">
            <transformation>
                <translate x="5" y="6" z="0"/>
            </transformation>
            <materials>
                <material id="white" />
            </materials>
            <texture id="BCount" length_s="1" length_t="1" />
            <children>
                <componentref id="counter_box" />
                <componentref id="counter_visor_blue" />
            </children>
        </component>

         <component id="counter_box" template="false">
            <transformation>
            </transformation>
            <materials>
                <material id="inherit" />
            </materials>
            <texture id="inherit" />
            <children>
                <primitiveref id="counter_box" />
            </children>
        </component>

        <component id="counter_visor_blue" template="false">
            <transformation>
                <translate x="-0.4" y="0" z="0"/>
                <scale x="1" y="1.4" z="2.9" />
                <rotate axis="x" angle="90"/>
                <rotate axis="z" angle="90"/>
            </transformation>
            <materials>
                <material id="white" />
            </materials>
            <texture id="screen" length_s="1" length_t="1"/>
            <children>
                <primitiveref id="counter_screen" />
            </children>
        </component>

        <component id="counter_visor_red" template="false">
            <transformation>
                <translate x="0.4" y="0" z="0"/>
                <scale x="1" y="1.4" z="2.9" />
                <rotate axis="x" angle="90"/>
                <rotate axis="z" angle="-90"/>
            </transformation>
            <materials>
                <material id="white" />
            </materials>
            <texture id="screen" length_s="1" length_t="1"/>
            <children>
                <primitiveref id="counter_screen" />
            </children>
        </component>

    </components>
   
</lxs>